Topic;Subtopic
Analytic Geometry;Analytic Geometry
Complex Numbers;Complex Numbers
Differential Equations;Differential Equations
Differentiation;Derivatives
Differentiation;Partial Differentiation
Fundamental Mathematics;Algebraic expressions, Equations, and Inequalities
Fundamental Mathematics;Elementary Geometry
Graph Theory;Graph Theory
Integration;Definite Integrals
Integration;Double Integration
Integration;Integration Techniques
Linear Algebra;Eigenvalues and Eigenvectors
Linear Algebra;Linear Systems
Linear Algebra;Linear Transformations
Linear Algebra;Matrices and Determinants
Linear Algebra;Vector Spaces
Numerical Methods;Numerical Methods
Optimization;Linear Optimization
Optimization;Nonlinear Optimization
Probability ;Probability 
Real Functions of a single variable;Domain, Image and Graphics
Real Functions of a single variable;Limits and Continuity
Set Theory;Set Theory
Statistics;Statistics
